{
    "metrics": {
        "http_req_duration{expected_response:true}": {
            "p(95)": 23.552499999999934,
            "p(99)": 94.93541999999995,
            "count": 147292,
            "avg": 7.858697539581211,
            "min": 0.3,
            "med": 2.996,
            "max": 275.668,
            "p(50)": 2.996
        },
        "http_req_duration": {
            "p(99)": 94.93541999999995,
            "count": 147292,
            "avg": 7.858697539581211,
            "min": 0.3,
            "med": 2.996,
            "max": 275.668,
            "p(50)": 2.996,
            "p(95)": 23.552499999999934
        },
        "http_req_receiving": {
            "avg": 0.026258961790184113,
            "min": 0.006,
            "med": 0.014,
            "max": 20.935,
            "p(50)": 0.014,
            "p(95)": 0.05,
            "p(99)": 0.137,
            "count": 147292
        },
        "vus": {
            "value": 2,
            "min": 2,
            "max": 200
        },
        "data_received": {
            "count": 30637423,
            "rate": 306284.3661669666
        },
        "http_reqs": {
            "count": 147292,
            "rate": 1472.4879720290066
        },
        "data_sent": {
            "count": 27305779,
            "rate": 272977.6983433061
        },
        "http_req_tls_handshaking": {
            "avg": 0,
            "min": 0,
            "med": 0,
            "max": 0,
            "p(50)": 0,
            "p(95)": 0,
            "p(99)": 0,
            "count": 147292
        },
        "http_req_waiting": {
            "p(99)": 94.68762999999998,
            "count": 147292,
            "avg": 7.800469876164548,
            "min": 0.285,
            "med": 2.955,
            "max": 275.649,
            "p(50)": 2.955,
            "p(95)": 23.409
        },
        "http_req_sending": {
            "max": 52.799,
            "p(50)": 0.007,
            "p(95)": 0.068,
            "p(99)": 0.363,
            "count": 147292,
            "avg": 0.03196870162669548,
            "min": 0.002,
            "med": 0.007
        },
        "vus_max": {
            "value": 200,
            "min": 200,
            "max": 200
        },
        "http_req_connecting": {
            "min": 0,
            "med": 0,
            "max": 6.355,
            "p(50)": 0,
            "p(95)": 0,
            "p(99)": 0,
            "count": 147292,
            "avg": 0.0005265119626320507
        },
        "iteration_duration": {
            "count": 147292,
            "avg": 108.71188306552955,
            "min": 100.379042,
            "med": 103.468937,
            "max": 375.738541,
            "p(50)": 103.468937,
            "p(95)": 126.84876494999997,
            "p(99)": 197.66841818999998
        },
        "iterations": {
            "count": 147292,
            "rate": 1472.4879720290066
        },
        "http_req_blocked": {
            "med": 0.002,
            "max": 23.294,
            "p(50)": 0.002,
            "p(95)": 0.007,
            "p(99)": 0.025,
            "count": 147292,
            "avg": 0.005435142438147296,
            "min": 0
        },
        "http_req_failed": {
            "fails": 147292,
            "passes": 0,
            "value": 0
        },
        "checks": {
            "passes": 147292,
            "fails": 0,
            "value": 1
        }
    },
    "root_group": {
        "checks": {
            "is status 200 or 429": {
                "path": "::is status 200 or 429",
                "id": "b1404acbe5b8891753b5b5eedfe9ac84",
                "passes": 147292,
                "fails": 0,
                "name": "is status 200 or 429"
            }
        },
        "name": "",
        "path": "",
        "id": "d41d8cd98f00b204e9800998ecf8427e",
        "groups": {}
    }
}