{
    "root_group": {
        "id": "d41d8cd98f00b204e9800998ecf8427e",
        "groups": {},
        "checks": {
                "is status 200 or 429": {
                    "name": "is status 200 or 429",
                    "path": "::is status 200 or 429",
                    "id": "b1404acbe5b8891753b5b5eedfe9ac84",
                    "passes": 174774,
                    "fails": 0
                }
            },
        "name": "",
        "path": ""
    },
    "metrics": {
        "http_req_blocked": {
            "p(95)": 0.023,
            "p(99)": 0.177,
            "count": 174774,
            "avg": 0.017948047192371086,
            "min": 0.001,
            "med": 0.003,
            "max": 59.497,
            "p(50)": 0.003
        },
        "iterations": {
            "count": 174774,
            "rate": 1746.7986502074034
        },
        "http_req_failed": {
            "fails": 174216,
            "passes": 558,
            "value": 0.0031926945655532286
        },
        "vus": {
            "max": 500,
            "value": 9,
            "min": 9
        },
        "http_req_duration": {
            "count": 174774,
            "avg": 126.7910886173008,
            "min": 0.542,
            "med": 52.798500000000004,
            "max": 5806.195,
            "p(50)": 52.798500000000004,
            "p(95)": 437.8677,
            "p(99)": 997.30556
        },
        "data_received": {
            "rate": 365378.65744150477,
            "count": 36557556
        },
        "http_req_connecting": {
            "avg": 0.002767070616910982,
            "min": 0,
            "med": 0,
            "max": 20.537,
            "p(50)": 0,
            "p(95)": 0,
            "p(99)": 0,
            "count": 174774
        },
        "data_sent": {
            "count": 32459042,
            "rate": 324415.5924372356
        },
        "checks": {
            "passes": 174774,
            "fails": 0,
            "value": 1
        },
        "iteration_duration": {
            "p(95)": 543.6255727999999,
            "p(99)": 1101.1749061799999,
            "count": 174774,
            "avg": 229.05510372501857,
            "min": 100.678416,
            "med": 154.74843750000002,
            "max": 5907.176541,
            "p(50)": 154.74843750000002
        },
        "http_req_tls_handshaking": {
            "avg": 0,
            "min": 0,
            "med": 0,
            "max": 0,
            "p(50)": 0,
            "p(95)": 0,
            "p(99)": 0,
            "count": 174774
        },
        "http_req_sending": {
            "p(95)": 0.345,
            "p(99)": 3.2473499999999924,
            "count": 174774,
            "avg": 0.182765142412496,
            "min": 0.003,
            "med": 0.011,
            "max": 135.269,
            "p(50)": 0.011
        },
        "http_reqs": {
            "count": 174774,
            "rate": 1746.7986502074034
        },
        "http_req_receiving": {
            "med": 0.024,
            "max": 62.291,
            "p(50)": 0.024,
            "p(95)": 0.162,
            "p(99)": 0.575,
            "count": 174774,
            "avg": 0.06922550837081985,
            "min": 0.007
        },
        "vus_max": {
            "value": 500,
            "min": 500,
            "max": 500
        },
        "http_req_duration{expected_response:true}": {
            "avg": 126.20675816802182,
            "min": 0.542,
            "med": 52.5005,
            "max": 5806.195,
            "p(50)": 52.5005,
            "p(95)": 436.37525,
            "p(99)": 984.2689499999997,
            "count": 174216
        },
        "http_req_waiting": {
            "count": 174774,
            "avg": 126.53909796651385,
            "min": 0.497,
            "med": 52.632,
            "max": 5806.151,
            "p(50)": 52.632,
            "p(95)": 437.2510999999998,
            "p(99)": 996.3446899999991
        }
    }
}