{
    "metrics": {
        "data_received": {
            "count": 32705240,
            "rate": 326871.26755579666
        },
        "vus_max": {
            "value": 200,
            "min": 200,
            "max": 200
        },
        "vus": {
            "value": 2,
            "min": 2,
            "max": 200
        },
        "iterations": {
            "count": 155114,
            "rate": 1550.280927326931
        },
        "http_reqs": {
            "count": 155114,
            "rate": 1550.280927326931
        },
        "http_req_blocked": {
            "max": 7.343,
            "p(50)": 0.003,
            "p(95)": 0.007,
            "p(99)": 0.035,
            "count": 155114,
            "avg": 0.00544288071998528,
            "min": 0,
            "med": 0.003
        },
        "http_req_receiving": {
            "p(99)": 0.247,
            "count": 155114,
            "avg": 0.03005866652913482,
            "min": 0.005,
            "med": 0.015,
            "max": 14.608,
            "p(50)": 0.015,
            "p(95)": 0.064
        },
        "http_req_duration": {
            "med": 1.012,
            "max": 287.04,
            "p(50)": 1.012,
            "p(95)": 5.789349999999993,
            "p(99)": 18.02921999999999,
            "count": 155114,
            "avg": 2.4039615573062165,
            "min": 0.191
        },
        "http_req_sending": {
            "p(95)": 0.157,
            "p(99)": 0.707,
            "count": 155114,
            "avg": 0.042758809649684516,
            "min": 0.002,
            "med": 0.009,
            "max": 13.3,
            "p(50)": 0.009
        },
        "http_req_failed": {
            "fails": 155114,
            "passes": 0,
            "value": 0
        },
        "data_sent": {
            "count": 28756127,
            "rate": 287402.00905070466
        },
        "checks": {
            "passes": 155114,
            "fails": 0,
            "value": 1
        },
        "http_req_waiting": {
            "avg": 2.3311440811274062,
            "min": 0.169,
            "med": 0.951,
            "max": 287.015,
            "p(50)": 0.951,
            "p(95)": 5.626,
            "p(99)": 17.93295999999999,
            "count": 155114
        },
        "iteration_duration": {
            "count": 155114,
            "avg": 103.22788212154316,
            "min": 100.28075,
            "med": 101.73754149999999,
            "max": 387.525917,
            "p(50)": 101.73754149999999,
            "p(95)": 108.04311469999999,
            "p(99)": 119.88254017
        },
        "http_req_duration{expected_response:true}": {
            "count": 155114,
            "avg": 2.4039615573062165,
            "min": 0.191,
            "med": 1.012,
            "max": 287.04,
            "p(50)": 1.012,
            "p(95)": 5.789349999999993,
            "p(99)": 18.02921999999999
        },
        "http_req_connecting": {
            "med": 0,
            "max": 4.648,
            "p(50)": 0,
            "p(95)": 0,
            "p(99)": 0,
            "count": 155114,
            "avg": 0.0005416532356847219,
            "min": 0
        },
        "http_req_tls_handshaking": {
            "max": 0,
            "p(50)": 0,
            "p(95)": 0,
            "p(99)": 0,
            "count": 155114,
            "avg": 0,
            "min": 0,
            "med": 0
        }
    },
    "root_group": {
        "groups": {},
        "checks": {
                "is status 200 or 429": {
                    "id": "b1404acbe5b8891753b5b5eedfe9ac84",
                    "passes": 155114,
                    "fails": 0,
                    "name": "is status 200 or 429",
                    "path": "::is status 200 or 429"
                }
            },
        "name": "",
        "path": "",
        "id": "d41d8cd98f00b204e9800998ecf8427e"
    }
}