{
    "root_group": {
        "checks": {
            "is status 200 or 429": {
                "name": "is status 200 or 429",
                "path": "::is status 200 or 429",
                "id": "b1404acbe5b8891753b5b5eedfe9ac84",
                "passes": 142649,
                "fails": 0
            }
        },
        "name": "",
        "path": "",
        "id": "d41d8cd98f00b204e9800998ecf8427e",
        "groups": {}
    },
    "metrics": {
        "iterations": {
            "count": 142649,
            "rate": 1426.099505433422
        },
        "data_sent": {
            "count": 26492491,
            "rate": 264852.3881190852
        },
        "http_req_blocked": {
            "avg": 0.07844966315953915,
            "min": 0.001,
            "med": 0.003,
            "max": 1085.178,
            "p(50)": 0.003,
            "p(95)": 0.025,
            "p(99)": 0.25051999999999874,
            "count": 142649
        },
        "http_req_connecting": {
            "med": 0,
            "max": 996.977,
            "p(50)": 0,
            "p(95)": 0,
            "p(99)": 0,
            "count": 142649,
            "avg": 0.014835028636723702,
            "min": 0
        },
        "http_req_receiving": {
            "min": 0.007,
            "med": 0.023,
            "max": 1130.57,
            "p(50)": 0.023,
            "p(95)": 0.186,
            "p(99)": 0.9445199999999987,
            "count": 142649,
            "avg": 0.24764188322379208
        },
        "iteration_duration": {
            "p(99)": 2193.66849,
            "count": 142649,
            "avg": 279.8642196381421,
            "min": 100.939875,
            "med": 155.998792,
            "max": 7818.580292,
            "p(50)": 155.998792,
            "p(95)": 731.5084665999998
        },
        "http_req_waiting": {
            "count": 142649,
            "avg": 174.55221240247081,
            "min": 0.702,
            "med": 52.965,
            "max": 7705.66,
            "p(50)": 52.965,
            "p(95)": 621.856,
            "p(99)": 2061.7903199999996
        },
        "vus": {
            "value": 14,
            "min": 13,
            "max": 500
        },
        "http_req_duration": {
            "p(95)": 624.3045999999986,
            "p(99)": 2070.0644399999996,
            "count": 142649,
            "avg": 175.1499966491154,
            "min": 0.734,
            "med": 53.202,
            "max": 7705.715,
            "p(50)": 53.202
        },
        "checks": {
            "passes": 142649,
            "fails": 0,
            "value": 1
        },
        "vus_max": {
            "value": 500,
            "min": 500,
            "max": 500
        },
        "data_received": {
            "rate": 297781.4514829549,
            "count": 29786299
        },
        "http_req_duration{expected_response:true}": {
            "count": 142649,
            "avg": 175.1499966491154,
            "min": 0.734,
            "med": 53.202,
            "max": 7705.715,
            "p(50)": 53.202,
            "p(95)": 624.3045999999986,
            "p(99)": 2070.0644399999996
        },
        "http_reqs": {
            "count": 142649,
            "rate": 1426.099505433422
        },
        "http_req_tls_handshaking": {
            "p(99)": 0,
            "count": 142649,
            "avg": 0,
            "min": 0,
            "med": 0,
            "max": 0,
            "p(50)": 0,
            "p(95)": 0
        },
        "http_req_failed": {
            "passes": 0,
            "fails": 142649,
            "value": 0
        },
        "http_req_sending": {
            "min": 0.002,
            "med": 0.011,
            "max": 1069.163,
            "p(50)": 0.011,
            "p(95)": 0.484,
            "p(99)": 6.007719999999986,
            "count": 142649,
            "avg": 0.3501423634234821
        }
    }
}