{
    "metrics": {
        "http_req_receiving": {
            "max": 408.618,
            "p(50)": 0.022,
            "p(95)": 0.145,
            "p(99)": 0.485,
            "count": 194600,
            "avg": 0.08683956834532544,
            "min": 0.008,
            "med": 0.022
        },
        "data_received": {
            "rate": 404593.1396160964,
            "count": 40506884
        },
        "http_req_duration{expected_response:true}": {
            "p(99)": 1309.7051199999992,
            "count": 194600,
            "avg": 102.47438051901476,
            "min": 0.569,
            "med": 34.513,
            "max": 4614.957,
            "p(50)": 34.513,
            "p(95)": 383.81124999999963
        },
        "http_req_duration": {
            "avg": 102.47438051901476,
            "min": 0.569,
            "med": 34.513,
            "max": 4614.957,
            "p(50)": 34.513,
            "p(95)": 383.81124999999963,
            "p(99)": 1309.7051199999992,
            "count": 194600
        },
        "http_req_tls_handshaking": {
            "min": 0,
            "med": 0,
            "max": 0,
            "p(50)": 0,
            "p(95)": 0,
            "p(99)": 0,
            "count": 194600,
            "avg": 0
        },
        "iterations": {
            "count": 194600,
            "rate": 1943.714677467967
        },
        "vus_max": {
            "value": 500,
            "min": 500,
            "max": 500
        },
        "http_reqs": {
            "count": 194600,
            "rate": 1943.714677467967
        },
        "http_req_sending": {
            "avg": 0.2557825282630489,
            "min": 0.003,
            "med": 0.011,
            "max": 1359.196,
            "p(50)": 0.011,
            "p(95)": 0.319,
            "p(99)": 2.787009999999998,
            "count": 194600
        },
        "http_req_blocked": {
            "min": 0.001,
            "med": 0.003,
            "max": 726.208,
            "p(50)": 0.003,
            "p(95)": 0.019,
            "p(99)": 0.142,
            "count": 194600,
            "avg": 0.0466478057555666
        },
        "http_req_connecting": {
            "avg": 0.0054344244604316565,
            "min": 0,
            "med": 0,
            "max": 118.476,
            "p(50)": 0,
            "p(95)": 0,
            "p(99)": 0,
            "count": 194600
        },
        "http_req_waiting": {
            "min": 0.519,
            "med": 34.41,
            "max": 4614.705,
            "p(50)": 34.41,
            "p(95)": 383.3331499999994,
            "p(99)": 1307.5772899999997,
            "count": 194600,
            "avg": 102.13175842240588
        },
        "data_sent": {
            "rate": 361009.7727596778,
            "count": 36143423
        },
        "vus": {
            "value": 18,
            "min": 13,
            "max": 500
        },
        "http_req_failed": {
            "passes": 0,
            "fails": 194600,
            "value": 0
        },
        "checks": {
            "passes": 194600,
            "fails": 0,
            "value": 1
        },
        "iteration_duration": {
            "p(99)": 1453.5493852500001,
            "count": 194600,
            "avg": 206.24355313008863,
            "min": 100.695875,
            "med": 136.20416649999999,
            "max": 4717.427166,
            "p(50)": 136.20416649999999,
            "p(95)": 496.14346604999963
        }
    },
    "root_group": {
        "path": "",
        "id": "d41d8cd98f00b204e9800998ecf8427e",
        "groups": {},
        "checks": {
                "is status 200 or 429": {
                    "name": "is status 200 or 429",
                    "path": "::is status 200 or 429",
                    "id": "b1404acbe5b8891753b5b5eedfe9ac84",
                    "passes": 194600,
                    "fails": 0
                }
            },
        "name": ""
    }
}